layer,channel_idx,l1_score,gra_score
conv1,0,0.1507432,1.0
conv1,1,1.0,0.7199638640654084
conv1,2,0.48883858,0.24167270034284505
conv1,3,0.12310922,0.9895923218577771
conv1,4,0.49387255,0.9203075356482813
conv1,5,0.0219028,0.9213597095900737
conv1,6,0.55988467,0.8755087298202461
conv1,7,0.42501703,0.597452962121738
conv1,8,0.1894919,0.7486023361071713
conv1,9,0.61066955,0.9584354099097758
conv1,10,0.33558926,0.0
conv1,11,0.6172733,0.15846747931192948
conv1,12,0.46722728,0.9962343248399009
conv1,13,0.2657819,0.888067868112104
conv1,14,0.16213413,0.726777785492067
conv1,15,0.0,0.5483090829142822
layer1.0.conv1,0,0.5665489,0.0
layer1.0.conv1,1,0.91689426,0.27522030992109087
layer1.0.conv1,2,0.0,0.1136285962569184
layer1.0.conv1,3,0.43132854,0.5754646775105999
layer1.0.conv1,4,0.2279958,0.7352991607518823
layer1.0.conv1,5,0.7695087,0.11543190075993072
layer1.0.conv1,6,0.9423859,0.8233770551080991
layer1.0.conv1,7,0.49549216,0.21380822684777473
layer1.0.conv1,8,0.1284797,1.0
layer1.0.conv1,9,1.0,0.30417232872398126
layer1.0.conv1,10,0.15479077,0.25204504761960306
layer1.0.conv1,11,0.6229462,0.5696278497401772
layer1.0.conv1,12,0.65508974,0.4784804885018925
layer1.0.conv1,13,0.7493984,0.6761505397665969
layer1.0.conv1,14,0.9385985,0.027772755638242653
layer1.0.conv1,15,0.5659084,0.7876305675276882
layer1.0.conv2,0,0.5343586,0.9072000206461753
layer1.0.conv2,1,0.6145912,0.3765437802980542
layer1.0.conv2,2,1.0,0.4703906372924872
layer1.0.conv2,3,0.5109738,0.0
layer1.0.conv2,4,0.34337234,0.6718839884747722
layer1.0.conv2,5,0.42514488,0.9616139315063134
layer1.0.conv2,6,0.75352603,0.4695768616314974
layer1.0.conv2,7,0.3783247,0.15104300648273256
layer1.0.conv2,8,0.24940738,0.1260066051110939
layer1.0.conv2,9,0.5345347,0.12726951833638447
layer1.0.conv2,10,0.0,0.490079429499555
layer1.0.conv2,11,0.9627674,0.09705200921418825
layer1.0.conv2,12,0.42779368,0.4054401007000552
layer1.0.conv2,13,0.3557635,0.850521274301922
layer1.0.conv2,14,0.19037683,1.0
layer1.0.conv2,15,0.7239914,0.26758483871424277
layer1.1.conv1,0,0.52160066,0.07246308400991419
layer1.1.conv1,1,0.70980006,0.8352057315315153
layer1.1.conv1,2,0.41465083,1.0
layer1.1.conv1,3,0.36970252,0.24040573872440157
layer1.1.conv1,4,1.0,0.1702256468352799
layer1.1.conv1,5,0.92590505,0.5643448629305616
layer1.1.conv1,6,0.44800344,0.13465008106982196
layer1.1.conv1,7,0.5384268,0.0
layer1.1.conv1,8,0.5140724,0.3142598220360064
layer1.1.conv1,9,0.43680307,0.5131318875631999
layer1.1.conv1,10,0.5137829,0.4533563805396463
layer1.1.conv1,11,0.0,0.732539268663292
layer1.1.conv1,12,0.5570318,0.4691691167435406
layer1.1.conv1,13,0.85694385,0.2524111154068626
layer1.1.conv1,14,0.4349213,0.1817942055307301
layer1.1.conv1,15,0.2774757,0.24400817591402102
layer1.1.conv2,0,0.6049354,0.6800961583896423
layer1.1.conv2,1,0.23661041,0.1282413751463508
layer1.1.conv2,2,0.49423718,0.07563646195928954
layer1.1.conv2,3,0.6609607,0.0
layer1.1.conv2,4,0.07963766,0.6479468884373671
layer1.1.conv2,5,0.25017476,0.708029474922165
layer1.1.conv2,6,0.49230433,0.3528970897845821
layer1.1.conv2,7,0.37030363,0.17876521917182503
layer1.1.conv2,8,0.44978076,0.5356019677949461
layer1.1.conv2,9,0.33071336,0.23843106679897305
layer1.1.conv2,10,0.6127711,0.7484295179742423
layer1.1.conv2,11,0.0,1.0
layer1.1.conv2,12,1.0,0.42239009907228026
layer1.1.conv2,13,0.31697035,0.3919937574487969
layer1.1.conv2,14,0.34628943,0.22853565184520153
layer1.1.conv2,15,0.8128915,0.7377774102600451
layer1.2.conv1,0,0.0,0.42928038566518645
layer1.2.conv1,1,0.32090035,0.41123943587378003
layer1.2.conv1,2,0.3055548,0.5344275029022639
layer1.2.conv1,3,1.0,1.0
layer1.2.conv1,4,0.9162396,0.967729702215136
layer1.2.conv1,5,0.5749683,0.48592675800693014
layer1.2.conv1,6,0.8938678,0.47372891302165965
layer1.2.conv1,7,0.57364166,0.5290649757308294
layer1.2.conv1,8,0.57566655,0.9334534014598445
layer1.2.conv1,9,0.890446,0.48907307035820036
layer1.2.conv1,10,0.5337427,0.587372119762562
layer1.2.conv1,11,0.29605412,0.7854498746084682
layer1.2.conv1,12,0.029188998,0.750705092390233
layer1.2.conv1,13,0.48640174,0.6338351501020492
layer1.2.conv1,14,0.49546832,0.40770277679065026
layer1.2.conv1,15,0.9010802,0.0
layer1.2.conv2,0,0.6625746,0.44111606830253985
layer1.2.conv2,1,0.13951454,0.4362879750317605
layer1.2.conv2,2,0.3651323,0.2154566006782238
layer1.2.conv2,3,0.005857296,0.0
layer1.2.conv2,4,0.3485726,0.1001530505066672
layer1.2.conv2,5,0.5579972,1.0
layer1.2.conv2,6,0.029332256,0.3981493892984685
layer1.2.conv2,7,0.023933357,0.7405323756839757
layer1.2.conv2,8,0.07809449,0.5445126891874319
layer1.2.conv2,9,0.30826977,0.7373643302289755
layer1.2.conv2,10,0.22324389,0.34039733111926934
layer1.2.conv2,11,1.0,0.0261221202996989
layer1.2.conv2,12,0.11625556,0.8551171886722618
layer1.2.conv2,13,0.11897564,0.6474646633389018
layer1.2.conv2,14,0.0,0.4494753268578631
layer1.2.conv2,15,0.604667,0.43926045595046365
layer2.0.conv1,0,0.34356228,0.7850252922729403
layer2.0.conv1,1,0.22538273,0.47353503069917213
layer2.0.conv1,2,0.2985026,0.19562121266736354
layer2.0.conv1,3,0.41245142,0.480385371734333
layer2.0.conv1,4,0.50642914,0.4917558805035225
layer2.0.conv1,5,0.7333071,0.30240987500050065
layer2.0.conv1,6,0.29874256,0.6322371345837289
layer2.0.conv1,7,0.4239705,0.7883231002759521
layer2.0.conv1,8,0.31793788,0.36587205273929535
layer2.0.conv1,9,0.6108757,0.027343690549140702
layer2.0.conv1,10,0.36580786,0.4198469246758864
layer2.0.conv1,11,0.907395,0.4358813846468093
layer2.0.conv1,12,1.0,0.47421629999879844
layer2.0.conv1,13,0.3217863,0.25076157176557284
layer2.0.conv1,14,0.5235895,0.2534329804830964
layer2.0.conv1,15,0.7796694,0.0
layer2.0.conv1,16,0.6159739,1.0
layer2.0.conv1,17,0.83798856,0.08704787308605781
layer2.0.conv1,18,0.13515283,0.5993615853829486
layer2.0.conv1,19,0.5574212,0.3498287815252262
layer2.0.conv1,20,0.45327047,0.39955783579847887
layer2.0.conv1,21,0.5229758,0.7327814291035362
layer2.0.conv1,22,0.16184333,0.5185072152066036
layer2.0.conv1,23,0.79971963,0.11940956660699052
layer2.0.conv1,24,0.6072703,0.13514043920041974
layer2.0.conv1,25,0.5385239,0.3863357644354196
layer2.0.conv1,26,0.7314205,0.6821872709577421
layer2.0.conv1,27,0.39642465,0.475531578293903
layer2.0.conv1,28,0.0,0.25131107292905747
layer2.0.conv1,29,0.40544346,0.8908527280810314
layer2.0.conv1,30,0.42770323,0.21213868896712204
layer2.0.conv1,31,0.24592665,0.377094772930259
layer2.0.conv2,0,0.70911,0.41673231606821953
layer2.0.conv2,1,0.0,0.5952218872195646
layer2.0.conv2,2,0.7805636,0.00793184409071991
layer2.0.conv2,3,0.04187242,0.444130128944346
layer2.0.conv2,4,0.7510265,0.32402062147582955
layer2.0.conv2,5,0.28775963,0.33441902122075695
layer2.0.conv2,6,0.5527591,0.8515140478082797
layer2.0.conv2,7,0.43575162,0.704984583542306
layer2.0.conv2,8,0.30536884,0.005376462953761488
layer2.0.conv2,9,0.019194253,0.2566912934347883
layer2.0.conv2,10,0.39262205,0.8124067865771896
layer2.0.conv2,11,0.44759387,0.46348516284736485
layer2.0.conv2,12,0.24646775,0.3588801627872428
layer2.0.conv2,13,0.7343123,0.19164854277722762
layer2.0.conv2,14,0.29124293,1.0
layer2.0.conv2,15,0.38487118,0.5920497701980032
layer2.0.conv2,16,0.8470651,0.31380336365424155
layer2.0.conv2,17,0.3849348,0.44468713066150933
layer2.0.conv2,18,0.45008674,0.6732773771580423
layer2.0.conv2,19,0.17917898,0.35107670836809746
layer2.0.conv2,20,0.77062696,0.4865871581624994
layer2.0.conv2,21,0.24102074,0.051063016055690864
layer2.0.conv2,22,0.068766765,0.6105270221470244
layer2.0.conv2,23,0.7385701,0.06378561795190159
layer2.0.conv2,24,1.0,0.12190269614431465
layer2.0.conv2,25,0.6340863,0.6499670880252776
layer2.0.conv2,26,0.9703693,0.08115739991908735
layer2.0.conv2,27,0.2718737,0.0
layer2.0.conv2,28,0.14629133,0.6572379774321212
layer2.0.conv2,29,0.043872226,0.5088102078710238
layer2.0.conv2,30,0.5071874,0.14098698687283487
layer2.0.conv2,31,0.9685402,0.21319240724428054
layer2.0.downsample.0,0,0.47254324,0.35497037475653676
layer2.0.downsample.0,1,0.21984228,0.3640697138635847
layer2.0.downsample.0,2,0.32254043,0.1456686475511819
layer2.0.downsample.0,3,0.36482337,0.3985633762857891
layer2.0.downsample.0,4,0.49446014,0.7420469230271816
layer2.0.downsample.0,5,0.27929357,0.4141054144741007
layer2.0.downsample.0,6,0.28466362,0.481606144906222
layer2.0.downsample.0,7,0.23330519,0.5371095065867542
layer2.0.downsample.0,8,0.3915696,0.6530855382565305
layer2.0.downsample.0,9,0.3424418,0.1344540176475109
layer2.0.downsample.0,10,0.5396642,0.5009166372970322
layer2.0.downsample.0,11,0.25948954,0.7463147456555793
layer2.0.downsample.0,12,0.30686384,0.8847721745819102
layer2.0.downsample.0,13,0.8767113,0.7308603931773069
layer2.0.downsample.0,14,0.37607434,0.38642009038737785
layer2.0.downsample.0,15,0.02988241,0.2723328563095285
layer2.0.downsample.0,16,0.74414253,0.3107215924537475
layer2.0.downsample.0,17,0.3636077,0.6758790830986302
layer2.0.downsample.0,18,0.35192364,0.46145908344395614
layer2.0.downsample.0,19,0.4548874,0.20027991716239563
layer2.0.downsample.0,20,0.46851966,0.9407867541086172
layer2.0.downsample.0,21,0.0,0.664620102507642
layer2.0.downsample.0,22,0.15496776,0.7347930464893384
layer2.0.downsample.0,23,0.43865088,0.0
layer2.0.downsample.0,24,0.063617885,0.4876920071597583
layer2.0.downsample.0,25,0.042078145,0.700687029387578
layer2.0.downsample.0,26,0.032623056,0.33033509144874734
layer2.0.downsample.0,27,0.5028204,0.39438493214175563
layer2.0.downsample.0,28,0.44104138,1.0
layer2.0.downsample.0,29,1.0,0.48996506452347893
layer2.0.downsample.0,30,0.37455532,0.2513570125377023
layer2.0.downsample.0,31,0.6300315,0.3731873349333436
layer2.1.conv1,0,0.3499906,0.11713299635540747
layer2.1.conv1,1,0.54406583,0.0
layer2.1.conv1,2,0.5604756,1.0
layer2.1.conv1,3,0.34911227,0.3734302950357352
layer2.1.conv1,4,0.08731267,0.3361117902473509
layer2.1.conv1,5,0.92362994,0.04925980467409989
layer2.1.conv1,6,0.0,0.1650714230210128
layer2.1.conv1,7,0.16435571,0.6644014472235331
layer2.1.conv1,8,0.66993946,0.5353146422405052
layer2.1.conv1,9,0.5559354,0.821077609162464
layer2.1.conv1,10,0.6187411,0.2100115421573031
layer2.1.conv1,11,0.69537467,0.27401763732608586
layer2.1.conv1,12,0.3683814,0.695496284335075
layer2.1.conv1,13,0.97742224,0.6207690601954775
layer2.1.conv1,14,0.7579106,0.5392943174301738
layer2.1.conv1,15,0.52884775,0.7088753314342788
layer2.1.conv1,16,0.28001156,0.41292418375720913
layer2.1.conv1,17,0.61014855,0.4454146932231048
layer2.1.conv1,18,0.2629604,0.9235605944305775
layer2.1.conv1,19,0.5213977,0.08870327937516939
layer2.1.conv1,20,1.0,0.4129162236487242
layer2.1.conv1,21,0.4217655,0.20733618760080436
layer2.1.conv1,22,0.7036791,0.710664460579458
layer2.1.conv1,23,0.4573844,0.6388733793124362
layer2.1.conv1,24,0.2516494,0.46612727455361797
layer2.1.conv1,25,0.5268181,0.15292770894810956
layer2.1.conv1,26,0.4354676,0.694127903781241
layer2.1.conv1,27,0.8783948,0.6967619415841753
layer2.1.conv1,28,0.13373703,0.8559561511738317
layer2.1.conv1,29,0.59623224,0.5871766442835997
layer2.1.conv1,30,0.3983745,0.8655132090419251
layer2.1.conv1,31,0.73255503,0.7450581940788165
layer2.1.conv2,0,0.73527205,0.08694687532699884
layer2.1.conv2,1,0.40637156,0.48060508454173745
layer2.1.conv2,2,0.7333424,0.44153988618670387
layer2.1.conv2,3,0.28559837,0.2776628227994798
layer2.1.conv2,4,0.43251482,0.10928940252346721
layer2.1.conv2,5,0.0,0.3862547589394105
layer2.1.conv2,6,0.51450723,0.7020044389231087
layer2.1.conv2,7,0.5302703,1.0
layer2.1.conv2,8,1.0,0.37514643646997825
layer2.1.conv2,9,0.27908066,0.40954297659612804
layer2.1.conv2,10,0.93952036,0.1836354638643178
layer2.1.conv2,11,0.4598286,0.056948739957939594
layer2.1.conv2,12,0.09591521,0.597761734783392
layer2.1.conv2,13,0.39107054,0.22621356397060963
layer2.1.conv2,14,0.621106,0.31778739902866104
layer2.1.conv2,15,0.20023286,0.36747863345368204
layer2.1.conv2,16,0.16960599,0.15609950677757942
layer2.1.conv2,17,0.9728056,0.46210865369712256
layer2.1.conv2,18,0.42566118,0.31043666194870456
layer2.1.conv2,19,0.5135884,0.622818204777389
layer2.1.conv2,20,0.5969028,0.23646706723450056
layer2.1.conv2,21,0.3043216,0.4511006436517184
layer2.1.conv2,22,0.8402135,0.4783116671610168
layer2.1.conv2,23,0.81948876,0.3603013778599859
layer2.1.conv2,24,0.51145667,0.32906015519708837
layer2.1.conv2,25,0.5644305,0.12010976932863059
layer2.1.conv2,26,0.20018841,0.1374488701673998
layer2.1.conv2,27,0.21076447,0.37591510500547193
layer2.1.conv2,28,0.5432148,0.0
layer2.1.conv2,29,0.49534115,0.5950186817137926
layer2.1.conv2,30,0.6962009,0.006924310932323338
layer2.1.conv2,31,0.37689918,0.3322799873173625
layer2.2.conv1,0,0.16552657,0.1612322097057682
layer2.2.conv1,1,0.5321584,0.32597111894816133
layer2.2.conv1,2,0.59136945,0.19235630806455295
layer2.2.conv1,3,0.26869667,0.529024429911662
layer2.2.conv1,4,0.6929917,0.5062301695998539
layer2.2.conv1,5,0.3855628,0.3621416261498779
layer2.2.conv1,6,0.35135934,0.5677703924992581
layer2.2.conv1,7,0.2928371,0.14099628500992947
layer2.2.conv1,8,0.15417592,0.49119508833801273
layer2.2.conv1,9,0.1804767,0.9653902451551051
layer2.2.conv1,10,0.3533364,0.14764838560569746
layer2.2.conv1,11,0.302243,0.6940319055445228
layer2.2.conv1,12,0.008755535,0.8703783754479674
layer2.2.conv1,13,0.123515405,0.3051399255860668
layer2.2.conv1,14,0.37032136,1.0
layer2.2.conv1,15,0.3662492,0.7745996827135977
layer2.2.conv1,16,0.34228265,0.8286778259033531
layer2.2.conv1,17,0.46755153,0.396428245337716
layer2.2.conv1,18,0.041819856,0.22011102170786825
layer2.2.conv1,19,0.5830692,0.4754202903512977
layer2.2.conv1,20,0.28677607,0.12564769796160608
layer2.2.conv1,21,0.6074146,0.3919763918372937
layer2.2.conv1,22,0.5602834,0.4846638961172362
layer2.2.conv1,23,0.22357547,0.5028721980643247
layer2.2.conv1,24,0.0,0.41975892510671325
layer2.2.conv1,25,0.27087188,0.3778108522221461
layer2.2.conv1,26,0.89854795,0.33328946392293823
layer2.2.conv1,27,1.0,0.241862402702641
layer2.2.conv1,28,0.7659211,0.5883290961902805
layer2.2.conv1,29,0.1550716,0.2548566647264261
layer2.2.conv1,30,0.14537443,0.9633572724782579
layer2.2.conv1,31,0.60034424,0.0
layer2.2.conv2,0,0.61902255,0.8933205974223472
layer2.2.conv2,1,0.5118,0.08516859636078715
layer2.2.conv2,2,0.431383,0.7422115410943756
layer2.2.conv2,3,0.47377777,0.0
layer2.2.conv2,4,0.6576632,0.2704724152384403
layer2.2.conv2,5,0.33309343,0.15247760508706265
layer2.2.conv2,6,1.0,0.28953836886259326
layer2.2.conv2,7,0.3144341,0.7362281553500304
layer2.2.conv2,8,0.51956713,0.4891600828185259
layer2.2.conv2,9,0.5920451,0.46440509464523044
layer2.2.conv2,10,0.6196488,0.004008231302117012
layer2.2.conv2,11,0.45210087,0.7234452043397581
layer2.2.conv2,12,0.5422725,0.16851895537446315
layer2.2.conv2,13,0.58370787,0.5584537242008286
layer2.2.conv2,14,0.42094365,0.08926265815452858
layer2.2.conv2,15,0.6210693,0.2865990694500319
layer2.2.conv2,16,0.33084735,1.0
layer2.2.conv2,17,0.48547673,0.7503807082542605
layer2.2.conv2,18,0.34788883,0.43268467246452513
layer2.2.conv2,19,0.54262644,0.8773087349112102
layer2.2.conv2,20,0.46506023,0.685449151489238
layer2.2.conv2,21,0.54614115,0.6373824964772639
layer2.2.conv2,22,0.43579632,0.8761776680645277
layer2.2.conv2,23,0.58444715,0.7352134599061025
layer2.2.conv2,24,0.47907358,0.5101148338258494
layer2.2.conv2,25,0.22207603,0.3778221381586569
layer2.2.conv2,26,0.51434785,0.6400421885827543
layer2.2.conv2,27,0.80563635,0.36899160230257405
layer2.2.conv2,28,0.29518774,0.26192517266146137
layer2.2.conv2,29,0.0,0.9143543335446624
layer2.2.conv2,30,0.7341774,0.5580656440025022
layer2.2.conv2,31,0.65006167,0.0709528553645637
layer3.0.conv1,0,0.2927278,0.26539120106130254
layer3.0.conv1,1,0.62445635,0.6943294357202358
layer3.0.conv1,2,0.1556814,0.21781769660321476
layer3.0.conv1,3,0.35247052,0.3037855181562953
layer3.0.conv1,4,0.44606212,0.12340496097244932
layer3.0.conv1,5,0.5112877,0.42078872674544165
layer3.0.conv1,6,0.020427098,0.23946873168173263
layer3.0.conv1,7,0.52913594,0.0016004380958257488
layer3.0.conv1,8,0.7296501,0.42251334341159413
layer3.0.conv1,9,0.17950112,0.6295186344985036
layer3.0.conv1,10,0.6083455,0.4542536945052911
layer3.0.conv1,11,0.40846863,0.7495592046401135
layer3.0.conv1,12,0.25650418,0.07710178014993983
layer3.0.conv1,13,0.44628692,0.4208415604849906
layer3.0.conv1,14,0.10437855,0.9293404652454262
layer3.0.conv1,15,0.1601229,0.182907321136581
layer3.0.conv1,16,0.32457936,0.1294835405547157
layer3.0.conv1,17,0.45009142,0.1634780026532564
layer3.0.conv1,18,0.25395158,0.024765526177768178
layer3.0.conv1,19,0.42741877,0.34686198438897975
layer3.0.conv1,20,0.47899547,0.4164023694196773
layer3.0.conv1,21,0.2686691,0.13672137722518743
layer3.0.conv1,22,0.270778,0.5156835220436244
layer3.0.conv1,23,0.28164694,0.11916399284237805
layer3.0.conv1,24,0.19425099,0.3409623453552587
layer3.0.conv1,25,0.34846908,0.45688805417579365
layer3.0.conv1,26,0.24186197,0.14144401937494216
layer3.0.conv1,27,0.23558654,0.719334063493043
layer3.0.conv1,28,0.34482574,0.5055471570049055
layer3.0.conv1,29,0.49751613,0.42725989572085277
layer3.0.conv1,30,0.17156994,0.16471863141332183
layer3.0.conv1,31,0.5276077,0.39329050072501776
layer3.0.conv1,32,0.17088863,0.17578363619535373
layer3.0.conv1,33,0.68048906,0.4173873137321445
layer3.0.conv1,34,0.15615328,0.5832833276771666
layer3.0.conv1,35,0.26627904,0.1267149754728041
layer3.0.conv1,36,0.31198442,0.0
layer3.0.conv1,37,0.0,0.1895296640236942
layer3.0.conv1,38,0.14102022,0.3972055965199148
layer3.0.conv1,39,0.77187836,0.7912619936445253
layer3.0.conv1,40,0.4078032,0.5075317002437294
layer3.0.conv1,41,0.21818756,0.81206768889026
layer3.0.conv1,42,0.34911832,0.26099173171258444
layer3.0.conv1,43,0.2190574,1.0
layer3.0.conv1,44,0.36333412,0.49005992965785333
layer3.0.conv1,45,0.29320833,0.5694705827908555
layer3.0.conv1,46,1.0,0.8464825070187888
layer3.0.conv1,47,0.21451885,0.8194343319038657
layer3.0.conv1,48,0.21194,0.36467582451485514
layer3.0.conv1,49,0.3841182,0.8813130534044982
layer3.0.conv1,50,0.613318,0.2615833153364391
layer3.0.conv1,51,0.54040504,0.8484990590195292
layer3.0.conv1,52,0.2709406,0.6505383642365717
layer3.0.conv1,53,0.34147802,0.06957277944034801
layer3.0.conv1,54,0.26131076,0.6435276740813871
layer3.0.conv1,55,0.59687364,0.24364298275383334
layer3.0.conv1,56,0.24588124,0.1566724770925246
layer3.0.conv1,57,0.43068254,0.29695878197019715
layer3.0.conv1,58,0.6749022,0.036803134544781416
layer3.0.conv1,59,0.40981063,0.8016251195507975
layer3.0.conv1,60,0.35689417,0.2846947983833647
layer3.0.conv1,61,0.40012974,0.16106191960016042
layer3.0.conv1,62,0.39157054,0.05941096165118934
layer3.0.conv1,63,0.4319537,0.7318086107426033
layer3.0.conv2,0,0.20769422,0.36597679048656356
layer3.0.conv2,1,0.47511047,0.30575499729344674
layer3.0.conv2,2,0.85884005,0.7285795641466231
layer3.0.conv2,3,0.28282836,0.7619402906825101
layer3.0.conv2,4,0.32746446,0.5148424628717251
layer3.0.conv2,5,0.1519886,0.44025693251179937
layer3.0.conv2,6,0.4878222,0.325171076448006
layer3.0.conv2,7,0.77433825,0.4733129260527706
layer3.0.conv2,8,0.27759197,0.18188693291811006
layer3.0.conv2,9,0.6187207,0.579892144179993
layer3.0.conv2,10,0.5879786,0.7729454115075043
layer3.0.conv2,11,0.2771586,0.5236073046792571
layer3.0.conv2,12,0.3741812,0.5147005818106514
layer3.0.conv2,13,0.60079044,0.3321658455259298
layer3.0.conv2,14,0.7053195,0.35057302909839666
layer3.0.conv2,15,0.25293112,0.4791605228562853
layer3.0.conv2,16,0.7622176,0.017587025845290007
layer3.0.conv2,17,0.38262948,0.48473287695471473
layer3.0.conv2,18,0.46392196,0.3246379575418467
layer3.0.conv2,19,0.3612428,0.7279668214579212
layer3.0.conv2,20,0.36803615,0.04445104153150284
layer3.0.conv2,21,0.47070205,0.14504143713391082
layer3.0.conv2,22,0.7673591,0.5053767351758867
layer3.0.conv2,23,0.2998495,0.06494122257566881
layer3.0.conv2,24,0.44496003,0.22988467330656925
layer3.0.conv2,25,0.97005373,0.30037138104993294
layer3.0.conv2,26,0.71141046,0.16370879059666066
layer3.0.conv2,27,0.29167178,0.5108560310264063
layer3.0.conv2,28,1.0,0.391315830518649
layer3.0.conv2,29,0.4982644,0.8220074236889601
layer3.0.conv2,30,0.9250394,0.026880399180563147
layer3.0.conv2,31,0.0,0.15358641244726154
layer3.0.conv2,32,0.608402,0.0
layer3.0.conv2,33,0.37023833,0.20220148290284062
layer3.0.conv2,34,0.59326506,0.04891685442151192
layer3.0.conv2,35,0.25338545,0.20442177405719544
layer3.0.conv2,36,0.68852144,0.10109893926704178
layer3.0.conv2,37,0.6965292,0.41021222523241624
layer3.0.conv2,38,0.21980871,0.32626090649218903
layer3.0.conv2,39,0.5939435,0.5695705427392941
layer3.0.conv2,40,0.61749405,0.5462863205686252
layer3.0.conv2,41,0.68961334,0.3639494968956555
layer3.0.conv2,42,0.6798215,0.7176593098223636
layer3.0.conv2,43,0.23216364,0.011685691180306254
layer3.0.conv2,44,0.5123049,0.6240990716456761
layer3.0.conv2,45,0.52465063,0.15623136377517652
layer3.0.conv2,46,0.70518166,0.5086072325918819
layer3.0.conv2,47,0.7376987,0.30842386852311315
layer3.0.conv2,48,0.49550888,0.3628072396695515
layer3.0.conv2,49,0.7038274,0.6710076373297263
layer3.0.conv2,50,0.5758223,0.3353219618775747
layer3.0.conv2,51,0.5936367,0.2693453024589659
layer3.0.conv2,52,0.42665455,0.3732681008122281
layer3.0.conv2,53,0.32034186,0.0070786525689974485
layer3.0.conv2,54,0.3979426,1.0
layer3.0.conv2,55,0.9968065,0.9797788359330662
layer3.0.conv2,56,0.25590205,0.3812462072210579
layer3.0.conv2,57,0.27116972,0.05059780094185432
layer3.0.conv2,58,0.3779485,0.3090529947061653
layer3.0.conv2,59,0.7336731,0.30048016745241907
layer3.0.conv2,60,0.80316705,0.4163691424092649
layer3.0.conv2,61,0.74557114,0.5704198630864145
layer3.0.conv2,62,0.42687303,0.21939432187406205
layer3.0.conv2,63,0.4521985,0.15709673994676018
layer3.0.downsample.0,0,0.50349975,1.0
layer3.0.downsample.0,1,0.551162,0.6751841601319523
layer3.0.downsample.0,2,0.49947825,0.4094071930780951
layer3.0.downsample.0,3,0.75005215,0.5201922673711578
layer3.0.downsample.0,4,0.896389,0.7810629569058303
layer3.0.downsample.0,5,0.41810763,0.0
layer3.0.downsample.0,6,0.48812348,0.877263387428188
layer3.0.downsample.0,7,0.45612636,0.2728023091653737
layer3.0.downsample.0,8,0.62545836,0.6735379013432856
layer3.0.downsample.0,9,0.62581015,0.4858612543855971
layer3.0.downsample.0,10,0.5713722,0.543330397953621
layer3.0.downsample.0,11,0.4523361,0.8542283445856222
layer3.0.downsample.0,12,1.0,0.3398037488992326
layer3.0.downsample.0,13,0.39344817,0.47030933310968537
layer3.0.downsample.0,14,0.40285656,0.6133196348946758
layer3.0.downsample.0,15,0.53743106,0.9048210117275408
layer3.0.downsample.0,16,0.9049354,0.25302833340322334
layer3.0.downsample.0,17,0.6243582,0.6289225758655875
layer3.0.downsample.0,18,0.57024664,0.6412903090535497
layer3.0.downsample.0,19,0.30601192,0.14248612683635958
layer3.0.downsample.0,20,0.19225238,0.2711406745782139
layer3.0.downsample.0,21,0.15477987,0.30006010539410966
layer3.0.downsample.0,22,0.5745768,0.13006213220391105
layer3.0.downsample.0,23,0.4027867,0.35317580128877146
layer3.0.downsample.0,24,0.81548667,0.49850085964691576
layer3.0.downsample.0,25,0.57283914,0.4785640402007241
layer3.0.downsample.0,26,0.39630184,0.1732852490180456
layer3.0.downsample.0,27,0.6363293,0.8298465215750409
layer3.0.downsample.0,28,0.5065187,0.3909600788359123
layer3.0.downsample.0,29,0.56926954,0.4384450874323814
layer3.0.downsample.0,30,0.32276055,0.34640905215191287
layer3.0.downsample.0,31,0.5030345,0.7496697697823625
layer3.0.downsample.0,32,0.70438087,0.5430997609762235
layer3.0.downsample.0,33,0.30828178,0.4334458562223061
layer3.0.downsample.0,34,0.53962773,0.1698382745558491
layer3.0.downsample.0,35,0.32912368,0.7312453697879537
layer3.0.downsample.0,36,0.3200721,0.7437623181112928
layer3.0.downsample.0,37,0.30976236,0.6787041696369914
layer3.0.downsample.0,38,0.77021104,0.6700636697837603
layer3.0.downsample.0,39,0.5301274,0.14594847709704925
layer3.0.downsample.0,40,0.30292678,0.6608881620329601
layer3.0.downsample.0,41,0.7129558,0.4416415062691324
layer3.0.downsample.0,42,0.37134025,0.49372946981451193
layer3.0.downsample.0,43,0.7914605,0.22650298430270754
layer3.0.downsample.0,44,0.17516828,0.6485690023902377
layer3.0.downsample.0,45,0.61787724,0.6468570470080094
layer3.0.downsample.0,46,0.21356562,0.4935274877343062
layer3.0.downsample.0,47,0.261558,0.36744594009029785
layer3.0.downsample.0,48,0.4738122,0.29880802616681346
layer3.0.downsample.0,49,0.26891553,0.5700717071329727
layer3.0.downsample.0,50,0.5744008,0.5622950475950853
layer3.0.downsample.0,51,0.6970474,0.48413986385429336
layer3.0.downsample.0,52,0.6452392,0.2290672481514097
layer3.0.downsample.0,53,0.77803195,0.6396678128625544
layer3.0.downsample.0,54,0.37409514,0.5476202457332159
layer3.0.downsample.0,55,0.22177646,0.5998825848115067
layer3.0.downsample.0,56,0.0,0.6400420737758767
layer3.0.downsample.0,57,0.33884203,0.1086041570567926
layer3.0.downsample.0,58,0.4626179,0.8276718944381544
layer3.0.downsample.0,59,0.30998853,0.17917417984093037
layer3.0.downsample.0,60,0.57201165,0.20109622454257
layer3.0.downsample.0,61,0.6371706,0.4392858640499853
layer3.0.downsample.0,62,0.24296848,0.6782187836345592
layer3.0.downsample.0,63,0.3202935,0.4283812778686348
layer3.1.conv1,0,0.30901724,0.442898091199147
layer3.1.conv1,1,0.99488384,0.2978891001822073
layer3.1.conv1,2,0.5083018,0.4069277244240047
layer3.1.conv1,3,0.3151704,0.27993458305816576
layer3.1.conv1,4,0.56198573,0.44117779669692847
layer3.1.conv1,5,0.5403277,0.5917030683502943
layer3.1.conv1,6,0.2635974,0.410634198221423
layer3.1.conv1,7,0.5251087,0.7232563659847816
layer3.1.conv1,8,0.4667522,0.8040322987033309
layer3.1.conv1,9,0.38607857,0.5901061019565408
layer3.1.conv1,10,0.669259,0.4722627790464218
layer3.1.conv1,11,0.7229743,0.6578646202157313
layer3.1.conv1,12,0.7312075,0.4378406441705588
layer3.1.conv1,13,0.78707874,0.1062100343992595
layer3.1.conv1,14,0.28391895,0.1891528287224534
layer3.1.conv1,15,0.29013434,0.466281034258692
layer3.1.conv1,16,0.43678102,0.505935662510642
layer3.1.conv1,17,1.0,0.3424642547401755
layer3.1.conv1,18,0.16563481,0.248947401224794
layer3.1.conv1,19,0.21297942,0.43240426158289635
layer3.1.conv1,20,0.4914625,0.2735075972767032
layer3.1.conv1,21,0.6337938,0.4469500163111369
layer3.1.conv1,22,0.95405,0.21396896375214497
layer3.1.conv1,23,0.24325714,0.4356790870006869
layer3.1.conv1,24,0.22502677,0.192719398052742
layer3.1.conv1,25,0.5757868,0.694563352190599
layer3.1.conv1,26,0.7937307,0.9334797357330596
layer3.1.conv1,27,0.5165476,0.43257731876735545
layer3.1.conv1,28,0.15892267,0.3085297963362269
layer3.1.conv1,29,0.7426327,0.4498770697241429
layer3.1.conv1,30,0.6499972,0.6316583917484213
layer3.1.conv1,31,0.6355845,0.6187643053975276
layer3.1.conv1,32,0.7766147,0.0
layer3.1.conv1,33,0.85902995,0.48128064968717094
layer3.1.conv1,34,0.31776696,0.3994995265791965
layer3.1.conv1,35,0.34838814,0.6201706436666375
layer3.1.conv1,36,0.5397106,0.7724530093384574
layer3.1.conv1,37,0.60338354,0.27235189355060296
layer3.1.conv1,38,0.343622,0.4648654132287299
layer3.1.conv1,39,0.0,0.22042578697920395
layer3.1.conv1,40,0.38010347,0.3504736197197667
layer3.1.conv1,41,0.7124941,0.2590712465156494
layer3.1.conv1,42,0.47346333,0.8736835055948525
layer3.1.conv1,43,0.61136943,0.5783693769676138
layer3.1.conv1,44,0.26068622,0.528400606827338
layer3.1.conv1,45,0.57199955,0.31600706020268243
layer3.1.conv1,46,0.20993976,0.1377455621772583
layer3.1.conv1,47,0.6266957,0.6516193113252334
layer3.1.conv1,48,0.19438839,0.8980451168699591
layer3.1.conv1,49,0.5101658,0.6297816164204083
layer3.1.conv1,50,0.64486027,0.11692366653140358
layer3.1.conv1,51,0.5398269,0.5437410321899624
layer3.1.conv1,52,0.5621855,0.542485538784701
layer3.1.conv1,53,0.49767333,0.5068907922968998
layer3.1.conv1,54,0.19054595,0.395935277939121
layer3.1.conv1,55,0.1336792,0.40104212251652993
layer3.1.conv1,56,0.8483595,0.5979987693711327
layer3.1.conv1,57,0.33831918,1.0
layer3.1.conv1,58,0.40411115,0.5889394578337219
layer3.1.conv1,59,0.8384343,0.06203536466662954
layer3.1.conv1,60,0.53690106,0.4400108210469363
layer3.1.conv1,61,0.7364967,0.5632520693926157
layer3.1.conv1,62,0.20679691,0.15013937402365246
layer3.1.conv1,63,0.5245123,0.3573226395928316
layer3.1.conv2,0,0.72649145,0.5770304434761315
layer3.1.conv2,1,0.63805485,0.5925471620089807
layer3.1.conv2,2,0.6170111,0.6945643483915537
layer3.1.conv2,3,0.50270706,0.8027208258804412
layer3.1.conv2,4,0.7866884,0.44849225899252576
layer3.1.conv2,5,0.47098923,0.44506146912921574
layer3.1.conv2,6,0.062266465,0.0
layer3.1.conv2,7,0.43348697,0.5268957643788789
layer3.1.conv2,8,0.81063217,0.16624768304924503
layer3.1.conv2,9,0.48424613,0.10273493434698071
layer3.1.conv2,10,0.7286386,0.5867617177301261
layer3.1.conv2,11,0.37453514,0.4838685090918526
layer3.1.conv2,12,0.41835457,0.2636097241389376
layer3.1.conv2,13,0.40428326,0.9585230543694894
layer3.1.conv2,14,0.46749717,0.7068601202300815
layer3.1.conv2,15,0.35029095,0.39929554967072134
layer3.1.conv2,16,0.4863572,0.9535662797919731
layer3.1.conv2,17,0.15441576,0.3368329898110925
layer3.1.conv2,18,0.5500612,0.5389002855748227
layer3.1.conv2,19,0.6965166,0.44243956468083245
layer3.1.conv2,20,0.5391859,0.32412109929279287
layer3.1.conv2,21,0.39853987,0.6603599118464091
layer3.1.conv2,22,0.33265162,0.2128747054654902
layer3.1.conv2,23,0.7348543,0.5607521920827178
layer3.1.conv2,24,0.41131392,0.3733962970951154
layer3.1.conv2,25,0.34869376,0.5622655278269232
layer3.1.conv2,26,0.48164886,0.7241687761797192
layer3.1.conv2,27,0.42593628,0.48537827717785265
layer3.1.conv2,28,0.57599074,0.6351261896923868
layer3.1.conv2,29,0.5635759,0.27839247807917283
layer3.1.conv2,30,0.5598782,0.5852224353807908
layer3.1.conv2,31,0.43436512,0.05967329980815729
layer3.1.conv2,32,0.45089567,0.2904073779171687
layer3.1.conv2,33,0.5997759,0.41161110579566074
layer3.1.conv2,34,0.3882328,0.41817624555867094
layer3.1.conv2,35,0.41370997,0.6958243804031778
layer3.1.conv2,36,0.3097335,1.0
layer3.1.conv2,37,0.7513239,0.5050438578709837
layer3.1.conv2,38,0.37863758,0.3047568235517335
layer3.1.conv2,39,0.4948803,0.5456830524883605
layer3.1.conv2,40,0.3031652,0.6205844148472961
layer3.1.conv2,41,0.5123367,0.7077290071693714
layer3.1.conv2,42,0.64573634,0.7969454359110745
layer3.1.conv2,43,0.5812269,0.3424030772673684
layer3.1.conv2,44,0.18840434,0.811799218682853
layer3.1.conv2,45,0.5342048,0.8960458995444749
layer3.1.conv2,46,0.0,0.654633171761661
layer3.1.conv2,47,0.34512687,0.5359900494769326
layer3.1.conv2,48,0.6183067,0.7140713304608279
layer3.1.conv2,49,0.72242504,0.2740966932673425
layer3.1.conv2,50,0.1658593,0.4625274263724538
layer3.1.conv2,51,0.7230371,0.030845324178506158
layer3.1.conv2,52,0.40619588,0.0765385931426366
layer3.1.conv2,53,0.54528743,0.37136792123908013
layer3.1.conv2,54,0.41838118,0.2468975157747251
layer3.1.conv2,55,0.23159121,0.2868147461043605
layer3.1.conv2,56,0.17312281,0.09692873278402209
layer3.1.conv2,57,0.89889634,0.44013810080580423
layer3.1.conv2,58,0.13624701,0.5129540047774187
layer3.1.conv2,59,0.55383486,0.7192697327986171
layer3.1.conv2,60,0.80896515,0.4844377127418913
layer3.1.conv2,61,0.2886526,0.5553024320077321
layer3.1.conv2,62,1.0,0.20406161670053238
layer3.1.conv2,63,0.73143375,0.5706021720551819
layer3.2.conv1,0,0.5412037,0.4263846705425061
layer3.2.conv1,1,0.21296403,0.7312733268852706
layer3.2.conv1,2,0.36767855,0.2501485505066949
layer3.2.conv1,3,0.4129461,1.0
layer3.2.conv1,4,0.59020627,0.8989156369976216
layer3.2.conv1,5,0.1900111,0.11872392011658708
layer3.2.conv1,6,0.6197906,0.46904372938632966
layer3.2.conv1,7,0.38825175,0.1224466737894526
layer3.2.conv1,8,0.52024347,0.4476798272708495
layer3.2.conv1,9,0.5587282,0.03813873137389884
layer3.2.conv1,10,0.26592654,0.256205146419718
layer3.2.conv1,11,0.23148419,0.5333878204179529
layer3.2.conv1,12,0.5502592,0.17651555730389504
layer3.2.conv1,13,0.78753096,0.2233037950954622
layer3.2.conv1,14,0.53948534,0.25975921928155343
layer3.2.conv1,15,0.24418564,0.5405472069162952
layer3.2.conv1,16,0.7474019,0.9631782520148605
layer3.2.conv1,17,0.7207295,0.3879088958122283
layer3.2.conv1,18,1.0,0.5742512242885092
layer3.2.conv1,19,0.44299248,0.5044717919535434
layer3.2.conv1,20,0.6621764,0.4918799285429893
layer3.2.conv1,21,0.3951571,0.5649168101249225
layer3.2.conv1,22,0.19792387,0.5327204172844999
layer3.2.conv1,23,0.4752149,0.10055126798638714
layer3.2.conv1,24,0.48136786,0.14699323271682088
layer3.2.conv1,25,0.18033664,0.44586125716853664
layer3.2.conv1,26,0.14649253,0.3741719124807569
layer3.2.conv1,27,0.5021179,0.362972779691085
layer3.2.conv1,28,0.44377503,0.28052987416729763
layer3.2.conv1,29,0.29749086,0.34088195875976957
layer3.2.conv1,30,0.737891,0.42663196297678985
layer3.2.conv1,31,0.2513512,0.8700307985699687
layer3.2.conv1,32,0.24357939,0.3615762298820285
layer3.2.conv1,33,0.46674868,0.3939498967068732
layer3.2.conv1,34,0.6278613,0.0
layer3.2.conv1,35,0.1285852,0.44699141860243813
layer3.2.conv1,36,0.3942713,0.1340614615587571
layer3.2.conv1,37,0.50207543,0.22454503125209857
layer3.2.conv1,38,0.3007055,0.5655638442547793
layer3.2.conv1,39,0.61243933,0.0979408528692765
layer3.2.conv1,40,0.08425861,0.383424532364278
layer3.2.conv1,41,0.76768047,0.45133479035362184
layer3.2.conv1,42,0.33838978,0.38524087460682255
layer3.2.conv1,43,0.0,0.7180127872785388
layer3.2.conv1,44,0.4231382,0.43574422769490667
layer3.2.conv1,45,0.38623834,0.15112432125865166
layer3.2.conv1,46,0.71149015,0.4749109572190454
layer3.2.conv1,47,0.34260237,0.4365596243701124
layer3.2.conv1,48,0.16370308,0.2770636426334703
layer3.2.conv1,49,0.2938336,0.19810192713052616
layer3.2.conv1,50,0.5595895,0.6007446143877093
layer3.2.conv1,51,0.2811166,0.16911810807602348
layer3.2.conv1,52,0.4983941,0.10036317296880455
layer3.2.conv1,53,0.4585163,0.80182741788825
layer3.2.conv1,54,0.5133499,0.21978886891241298
layer3.2.conv1,55,0.4875213,0.17452066801420357
layer3.2.conv1,56,0.31671488,0.5592208092286863
layer3.2.conv1,57,0.056477886,0.36868119294888746
layer3.2.conv1,58,0.48257753,0.5971437564707391
layer3.2.conv1,59,0.79007286,0.08523186768804489
layer3.2.conv1,60,0.35934106,0.4672025624206524
layer3.2.conv1,61,0.28260723,0.004780668797137137
layer3.2.conv1,62,0.13399756,0.17765940416208761
layer3.2.conv1,63,0.4260855,0.2337572313941087
layer3.2.conv2,0,0.7587877,0.6308857195492118
layer3.2.conv2,1,0.57231414,0.5531679655016273
layer3.2.conv2,2,0.747912,0.5630872806763315
layer3.2.conv2,3,0.7883277,0.32969097120793084
layer3.2.conv2,4,0.77767956,0.4720475488949812
layer3.2.conv2,5,0.5193403,0.1843828176157947
layer3.2.conv2,6,0.69027686,0.46034885182377316
layer3.2.conv2,7,0.40384796,0.3606724749334131
layer3.2.conv2,8,0.9573122,0.37842210347560545
layer3.2.conv2,9,0.67681587,0.5025311929864634
layer3.2.conv2,10,0.69750094,0.39420583210279264
layer3.2.conv2,11,0.8137568,0.29273285626806717
layer3.2.conv2,12,0.9026164,0.129720699310572
layer3.2.conv2,13,0.7106211,0.38886366910211373
layer3.2.conv2,14,0.73103577,0.8466351288609947
layer3.2.conv2,15,0.5653656,0.20497698941553288
layer3.2.conv2,16,0.5311508,0.5144287469604737
layer3.2.conv2,17,0.6097306,0.36546254459932775
layer3.2.conv2,18,0.8683207,0.448826916443945
layer3.2.conv2,19,0.76136416,0.2614268111903924
layer3.2.conv2,20,0.7261917,0.0
layer3.2.conv2,21,0.0,1.0
layer3.2.conv2,22,0.7267485,0.40965095878870034
layer3.2.conv2,23,0.56726044,0.5048586509065637
layer3.2.conv2,24,0.6744822,0.14695525117090272
layer3.2.conv2,25,0.37717524,0.09003023887506105
layer3.2.conv2,26,0.7251633,0.5527335219939178
layer3.2.conv2,27,0.37235036,0.4745061433296278
layer3.2.conv2,28,0.44232726,0.37118233484977264
layer3.2.conv2,29,0.71659476,0.2513749247471533
layer3.2.conv2,30,0.5403753,0.43691415407765694
layer3.2.conv2,31,0.46582356,0.15006149355594595
layer3.2.conv2,32,0.56311643,0.26771246841389096
layer3.2.conv2,33,0.75986934,0.29453060301562334
layer3.2.conv2,34,0.54964703,0.5094200207867158
layer3.2.conv2,35,0.73150456,0.4812936774982941
layer3.2.conv2,36,0.8849449,0.07483705498952917
layer3.2.conv2,37,0.827909,0.4944156505260669
layer3.2.conv2,38,0.843148,0.46432340732264
layer3.2.conv2,39,0.5916356,0.9314021162047429
layer3.2.conv2,40,0.7526012,0.4463539744694136
layer3.2.conv2,41,1.0,0.3760972281126844
layer3.2.conv2,42,0.79422855,0.6067764004777156
layer3.2.conv2,43,0.18316835,0.4767139427670895
layer3.2.conv2,44,0.75429326,0.3318379370762813
layer3.2.conv2,45,0.6101162,0.7944921516087322
layer3.2.conv2,46,0.8219497,0.4727290570395057
layer3.2.conv2,47,0.61431265,0.4025058839261067
layer3.2.conv2,48,0.6881864,0.22333437974724227
layer3.2.conv2,49,0.576369,0.25222171655114983
layer3.2.conv2,50,0.8988963,0.24161429336357412
layer3.2.conv2,51,0.71194553,0.2936539683286666
layer3.2.conv2,52,0.8329695,0.5406451457394407
layer3.2.conv2,53,0.6839259,0.09506794707938608
layer3.2.conv2,54,0.58784515,0.5565410721285264
layer3.2.conv2,55,0.73193455,0.5162514584274293
layer3.2.conv2,56,0.41240528,0.10578268986529955
layer3.2.conv2,57,0.7188348,0.580985262780932
layer3.2.conv2,58,0.55734956,0.35879294720851396
layer3.2.conv2,59,0.5871303,0.470421685675244
layer3.2.conv2,60,0.747054,0.5728932502859465
layer3.2.conv2,61,0.6643877,0.2234152998721921
layer3.2.conv2,62,0.5635244,0.5033105513530017
layer3.2.conv2,63,0.53248,0.6293304462257074
